,Fuzzy-GCD_F1,Fuzzy-GCD+IBNN_F1,No-IBNN_F1,IBNN_F1,GCD_Improvement_NoIBNN,GCD_Improvement_IBNN,Highest_GCD_Improvement
TLS.Facebook,0.8338590956887487,0.8121720881427072,0.2493321460373998,0.01037344398340249,0.5845269496513489,0.8017986441593048,0.8017986441593048
Telegram,0.34946236559139787,0.4226190476190476,0.0,0.4044665012406948,0.34946236559139787,0.01815254637835284,0.34946236559139787
TLS.MS_OneDrive,0.3557760453579022,0.3489655172413793,0.07307692307692308,0.4027885360185902,0.2826991222809791,-0.05382301877721091,0.2826991222809791
QUIC,0.8754888489588838,0.8752779248279513,0.6524897915893302,0.7035725129035523,0.2229990573695536,0.17170541192439903,0.2229990573695536
TLS,0.8431324812335159,0.8436326737696601,0.757199691229737,0.7737736726155587,0.08593279000377896,0.06985900115410137,0.08593279000377896
HTTP.UbuntuONE,0.08459214501510574,0.41543026706231456,0.0,0.5591133004926109,0.08459214501510574,-0.14368303343029631,0.08459214501510574
HTTP,0.24664602683178535,0.25743589743589745,0.25305015815634885,0.2059317291550084,-0.0064041313245634945,0.05150416828088905,0.05150416828088905
TLS.Teams,0.045112781954887216,0.05120481927710843,0.0,0.03323262839879154,0.045112781954887216,0.01797219087831689,0.045112781954887216
Unknown,0.5822424587364826,0.6227938976966796,0.5751597666018339,0.6328575766778014,0.007082692134648738,-0.010063678981121815,0.007082692134648738
STUN.TeamsCall,0.28771929824561404,0.28771929824561404,0.2867132867132867,0.28368794326241137,0.0010060115323273222,0.004031354983202673,0.004031354983202673
DNS,0.9688566469704948,0.968241249242676,0.9671865544906205,0.9696862952308264,0.0016700924798742633,-0.0014450459881504285,0.0016700924798742633
TLS.Microsoft365,0.0,0.0,0.0,0.0,0.0,0.0,0.0
Cassandra,0.0,0.0,0.0,0.0,0.0,0.0,0.0
HTTP.OCSP,0.0,0.0,0.0,0.0,0.0,0.0,0.0
HTTP.WindowsUpdate,0.0,0.0,0.0,0.0,0.0,0.0,0.0
IMAPS,0.0,0.0,0.0,0.0,0.0,0.0,0.0
HTTP.Microsoft,0.0,0.0,0.0,0.0,0.0,0.0,0.0
HTTP.Google,0.0,0.0,0.0,0.0,0.0,0.0,0.0
Facebook,0.0,0.0,0.0,0.0,0.0,0.0,0.0
TLS.WindowsUpdate,0.0,0.0,0.0,0.0,0.0,0.0,0.0
STUN.TelegramVoip,0.0,0.0,0.0,0.0,0.0,0.0,0.0
OICQ,0.0,0.0,0.0,0.0,0.0,0.0,0.0
STUN,0.0,0.0,0.0,0.0,0.0,0.0,0.0
NTP,0.0,0.0,0.0,0.0,0.0,0.0,0.0
TLS.GoogleServices,0.0,0.0,0.0,0.0,0.0,0.0,0.0
TLS.Google,0.0,0.0,0.0,0.0,0.0,0.0,0.0
TLS.Dropbox,0.0,0.0,0.0,0.0,0.0,0.0,0.0
Teams,0.0,0.0,0.0,0.0,0.0,0.0,0.0
TLS.Microsoft,0.0,0.0,0.0,0.0,0.0,0.0,0.0
TLS.HuaweiCloud,0.0,0.0,0.0,0.0,0.0,0.0,0.0
TLS.PlayStore,0.0,0.0,0.0,0.0,0.0,0.0,0.0
WhatsApp,0.0,0.0,0.0,0.0,0.0,0.0,0.0
TLS.WhatsAppFiles,0.0,0.0,0.0,0.0,0.0,0.0,0.0
STUN.WhatsAppCall,0.2682926829268293,0.2619047619047619,0.275,0.3218390804597701,-0.006707317073170738,-0.05993431855500819,-0.006707317073170738
Discord,0.35278514588859416,0.3513870541611625,0.36637390213299875,0.42012578616352203,-0.013588756244404587,-0.06873873200235953,-0.013588756244404587
